Borough,Positive_sum,Total_sum,Pop,Pos_Share,Tested_Share,Pct_Pos
New York County,14488,30109,1628706,0.8895405309491092,1.8486454891183552,48.11850277325716
Richmond County,8212,17050,476143,1.7246919517875932,3.580857011444041,48.16422287390029
Bronx County,23127,39271,1418207,1.6307210442481246,2.7690598057970384,58.89078454839449
Queens County,33530,53242,2253858,1.4876713617273138,2.3622606215653335,62.976597423087036
Kings County,28058,46473,2559903,1.0960571552906497,1.815420349911696,60.374841305704386
